6197.jpg,cat
1561.jpg,cat
813.jpg,cat
7179.jpg,cat
3699.jpg,cat
8290.jpg,cat
2594.jpg,cat
1326.jpg,cat
7250.jpg,cat
8128.jpg,cat
8012.jpg,cat
6655.jpg,cat
7931.jpg,cat
2817.jpg,cat
893.jpg,cat
4245.jpg,cat
3172.jpg,cat
4531.jpg,cat
7204.jpg,cat
3163.jpg,cat
1841.jpg,cat
3807.jpg,cat
3165.jpg,cat
2381.jpg,cat
7273.jpg,cat
7937.jpg,cat
4769.jpg,cat
2170.jpg,cat
3290.jpg,cat
120.jpg,cat
1663.jpg,cat
6618.jpg,cat
3160.jpg,cat
516.jpg,cat
28.jpg,cat
2780.jpg,cat
9436.jpg,cat
7175.jpg,cat
686.jpg,cat
410.jpg,cat
7271.jpg,cat
7970.jpg,cat
3367.jpg,cat
1006.jpg,cat
6674.jpg,cat
7061.jpg,cat
8811.jpg,cat
4903.jpg,cat
1214.jpg,cat
2066.jpg,cat
7416.jpg,cat
6875.jpg,cat
3676.jpg,cat
4559.jpg,cat
7942.jpg,cat
3341.jpg,cat
4928.jpg,cat
5519.jpg,cat
6066.jpg,cat
7438.jpg,cat
3869.jpg,cat
8801.jpg,cat
3870.jpg,cat
1159.jpg,cat
161.jpg,cat
8084.jpg,cat
9621.jpg,cat
4504.jpg,cat
5966.jpg,cat
7746.jpg,cat
4885.jpg,cat
254.jpg,cat
9332.jpg,cat
2930.jpg,cat
3174.jpg,cat
1633.jpg,cat
320.jpg,cat
4580.jpg,cat
8288.jpg,cat
2898.jpg,cat
8093.jpg,cat
5252.jpg,cat
7346.jpg,cat
2986.jpg,cat
5697.jpg,cat
1903.jpg,cat
290.jpg,cat
2699.jpg,cat
3110.jpg,cat
7846.jpg,cat
3351.jpg,cat
9406.jpg,cat
8249.jpg,cat
1704.jpg,cat
7825.jpg,cat
3921.jpg,cat
4572.jpg,cat
5293.jpg,cat
5920.jpg,cat
4190.jpg,cat
718.jpg,cat
8083.jpg,cat
1372.jpg,cat
232.jpg,cat
7807.jpg,cat
2064.jpg,cat
967.jpg,cat
1591.jpg,cat
7241.jpg,cat
403.jpg,cat
6900.jpg,cat
6475.jpg,cat
350.jpg,cat
6270.jpg,cat
8563.jpg,cat
7698.jpg,cat
5664.jpg,cat
5249.jpg,cat
2248.jpg,cat
1227.jpg,cat
7845.jpg,cat
6239.jpg,cat
2200.jpg,cat
3055.jpg,cat
7328.jpg,cat
8687.jpg,cat
1697.jpg,cat
3316.jpg,cat
1595.jpg,cat
4793.jpg,cat
954.jpg,cat
8032.jpg,cat
7812.jpg,cat
3824.jpg,cat
2534.jpg,cat
2667.jpg,cat
1791.jpg,cat
7123.jpg,cat
3584.jpg,cat
5079.jpg,cat
5042.jpg,cat
5761.jpg,cat
7202.jpg,cat
2718.jpg,cat
8733.jpg,cat
2297.jpg,cat
220.jpg,cat
1054.jpg,cat
9242.jpg,cat
4927.jpg,cat
2286.jpg,cat
1953.jpg,cat
8300.jpg,cat
1955.jpg,cat
46.jpg,cat
3604.jpg,cat
9287.jpg,cat
3661.jpg,cat
9488.jpg,cat
1852.jpg,cat
2957.jpg,cat
4724.jpg,cat
8580.jpg,cat
2471.jpg,cat
1745.jpg,cat
3112.jpg,cat
4598.jpg,cat
6910.jpg,cat
5353.jpg,cat
4223.jpg,cat
9757.jpg,cat
1388.jpg,cat
3257.jpg,cat
457.jpg,cat
9081.jpg,cat
8634.jpg,cat
9890.jpg,cat
6944.jpg,cat
9886.jpg,cat
7830.jpg,cat
2045.jpg,cat
4408.jpg,cat
6493.jpg,cat
240.jpg,cat
7911.jpg,cat
6795.jpg,cat
5270.jpg,cat
4332.jpg,cat
5506.jpg,cat
3829.jpg,cat
3213.jpg,cat
9073.jpg,cat
6688.jpg,cat
9344.jpg,cat
5633.jpg,cat
6993.jpg,cat
5585.jpg,cat
4373.jpg,cat
6563.jpg,cat
4687.jpg,cat
2251.jpg,cat
162.jpg,cat
1576.jpg,cat
9416.jpg,cat
9085.jpg,cat
6920.jpg,cat
5286.jpg,cat
9417.jpg,cat
941.jpg,cat
3615.jpg,cat
8797.jpg,dog
9193.jpg,dog
2756.jpg,dog
